{
  "custom.basic.noise": { "category": "neutral", "sounds": ["custom/basic/noise"] },
  "custom.basic.vibrate": { "category": "neutral", "sounds": ["custom/basic/vibrate"] },

  "custom.complex.load": { "category": "neutral", "sounds": ["custom/complex/load"] },
  "custom.complex.powerup": { "category": "neutral", "sounds": ["custom/complex/powerup"] },
  "custom.complex.damage": { "category": "neutral", "sounds": ["custom/complex/damage"] },
  "custom.complex.break": { "category": "neutral", "sounds": ["custom/complex/break"] }
}