{
    "providers": [
        { "type": "bitmap", "file": "minecraft:custom/misc/blank.png", "ascent": 750, "height": 2044, "chars": ["\uF500"] },
        { "type": "bitmap", "file": "minecraft:custom/misc/logo.png", "ascent": 24, "height": 64, "chars": ["\uF501"] },

        { "type": "bitmap", "file": "minecraft:custom/text/heart.png", "ascent": -55, "height": 7, "chars": ["\uF502"] },
        { "type": "bitmap", "file": "minecraft:custom/text/max.png", "ascent": -55, "height": 7, "chars": ["\uF503"] },
        { "type": "bitmap", "file": "minecraft:custom/text/colon.png", "ascent": -55, "height": 7, "chars": ["\uF504"] },
        { "type": "bitmap", "file": "minecraft:custom/text/infinite.png", "ascent": -55, "height": 7, "chars": ["\uF499"] },
        { "type": "bitmap", "file": "minecraft:custom/text/coin.png", "ascent": -55, "height": 7, "chars": ["\uF498"] },
        { "type": "bitmap", "file": "minecraft:custom/text/slash.png", "ascent": -55, "height": 7, "chars": ["\uF497"] },
        { "type": "bitmap", "file": "minecraft:custom/text/sword.png", "ascent": -55, "height": 7, "chars": ["\uF496"] },

        { "type": "bitmap", "file": "minecraft:custom/chars/a.png", "ascent": -55, "height": 7, "chars": ["\uF495"] },
        { "type": "bitmap", "file": "minecraft:custom/chars/b.png", "ascent": -55, "height": 7, "chars": ["\uF494"] },
        { "type": "bitmap", "file": "minecraft:custom/chars/c.png", "ascent": -55, "height": 7, "chars": ["\uF493"] },
        { "type": "bitmap", "file": "minecraft:custom/chars/d.png", "ascent": -55, "height": 7, "chars": ["\uF492"] },
        { "type": "bitmap", "file": "minecraft:custom/chars/e.png", "ascent": -55, "height": 7, "chars": ["\uF491"] },
        { "type": "bitmap", "file": "minecraft:custom/chars/f.png", "ascent": -55, "height": 7, "chars": ["\uF490"] },
        { "type": "bitmap", "file": "minecraft:custom/chars/g.png", "ascent": -55, "height": 7, "chars": ["\uF489"] },
        { "type": "bitmap", "file": "minecraft:custom/chars/h.png", "ascent": -55, "height": 7, "chars": ["\uF488"] },
        { "type": "bitmap", "file": "minecraft:custom/chars/i.png", "ascent": -55, "height": 7, "chars": ["\uF487"] },
        { "type": "bitmap", "file": "minecraft:custom/chars/j.png", "ascent": -55, "height": 7, "chars": ["\uF486"] },
        { "type": "bitmap", "file": "minecraft:custom/chars/k.png", "ascent": -55, "height": 7, "chars": ["\uF485"] },
        { "type": "bitmap", "file": "minecraft:custom/chars/l.png", "ascent": -55, "height": 7, "chars": ["\uF484"] },
        { "type": "bitmap", "file": "minecraft:custom/chars/m.png", "ascent": -55, "height": 7, "chars": ["\uF483"] },
        { "type": "bitmap", "file": "minecraft:custom/chars/n.png", "ascent": -55, "height": 7, "chars": ["\uF482"] },
        { "type": "bitmap", "file": "minecraft:custom/chars/o.png", "ascent": -55, "height": 7, "chars": ["\uF481"] },
        { "type": "bitmap", "file": "minecraft:custom/chars/p.png", "ascent": -55, "height": 7, "chars": ["\uF480"] },
        { "type": "bitmap", "file": "minecraft:custom/chars/q.png", "ascent": -55, "height": 7, "chars": ["\uF479"] },
        { "type": "bitmap", "file": "minecraft:custom/chars/r.png", "ascent": -55, "height": 7, "chars": ["\uF478"] },
        { "type": "bitmap", "file": "minecraft:custom/chars/s.png", "ascent": -55, "height": 7, "chars": ["\uF477"] },
        { "type": "bitmap", "file": "minecraft:custom/chars/t.png", "ascent": -55, "height": 7, "chars": ["\uF476"] },
        { "type": "bitmap", "file": "minecraft:custom/chars/u.png", "ascent": -55, "height": 7, "chars": ["\uF475"] },
        { "type": "bitmap", "file": "minecraft:custom/chars/v.png", "ascent": -55, "height": 7, "chars": ["\uF474"] },
        { "type": "bitmap", "file": "minecraft:custom/chars/w.png", "ascent": -55, "height": 7, "chars": ["\uF473"] },
        { "type": "bitmap", "file": "minecraft:custom/chars/x.png", "ascent": -55, "height": 7, "chars": ["\uF472"] },
        { "type": "bitmap", "file": "minecraft:custom/chars/y.png", "ascent": -55, "height": 7, "chars": ["\uF471"] },
        { "type": "bitmap", "file": "minecraft:custom/chars/z.png", "ascent": -55, "height": 7, "chars": ["\uF470"] },
        { "type": "bitmap", "file": "minecraft:custom/chars/bracket_open.png", "ascent": -55, "height": 7, "chars": ["\uF469"] },
        { "type": "bitmap", "file": "minecraft:custom/chars/bracket_close.png", "ascent": -55, "height": 7, "chars": ["\uF468"] },
        { "type": "bitmap", "file": "minecraft:custom/chars/underscore.png", "ascent": -55, "height": 7, "chars": ["\uF467"] },

        { "type": "bitmap", "file": "minecraft:custom/text/spectate.png", "ascent": 7, "height": 7, "chars": ["\uF401"] },
        { "type": "bitmap", "file": "minecraft:custom/text/heart.png", "ascent": 7, "height": 7, "chars": ["\uF402"] },
        { "type": "bitmap", "file": "minecraft:custom/text/sword.png", "ascent": 7, "height": 7, "chars": ["\uF403"] },
        { "type": "bitmap", "file": "minecraft:custom/text/coin.png", "ascent": 7, "height": 7, "chars": ["\uF404"] },
        { "type": "bitmap", "file": "minecraft:custom/text/stage.png", "ascent": 7, "height": 7, "chars": ["\uF406"] },

        { "type": "bitmap", "file": "minecraft:custom/text/gui.png", "ascent": 20, "height": 45, "chars": ["\uF405"] },

        { "type": "bitmap", "file": "minecraft:custom/text/0.png", "ascent": -55, "height": 7, "chars": ["\uF505"] },
        { "type": "bitmap", "file": "minecraft:custom/text/1.png", "ascent": -55, "height": 7, "chars": ["\uF506"] },
        { "type": "bitmap", "file": "minecraft:custom/text/2.png", "ascent": -55, "height": 7, "chars": ["\uF507"] },
        { "type": "bitmap", "file": "minecraft:custom/text/3.png", "ascent": -55, "height": 7, "chars": ["\uF508"] },
        { "type": "bitmap", "file": "minecraft:custom/text/4.png", "ascent": -55, "height": 7, "chars": ["\uF509"] },
        { "type": "bitmap", "file": "minecraft:custom/text/5.png", "ascent": -55, "height": 7, "chars": ["\uF510"] },
        { "type": "bitmap", "file": "minecraft:custom/text/6.png", "ascent": -55, "height": 7, "chars": ["\uF511"] },
        { "type": "bitmap", "file": "minecraft:custom/text/7.png", "ascent": -55, "height": 7, "chars": ["\uF512"] },
        { "type": "bitmap", "file": "minecraft:custom/text/8.png", "ascent": -55, "height": 7, "chars": ["\uF513"] },
        { "type": "bitmap", "file": "minecraft:custom/text/9.png", "ascent": -55, "height": 7, "chars": ["\uF514"] },

        { "type": "bitmap", "file": "minecraft:custom/text/0.png", "ascent": 7, "height": 7, "chars": ["\uF450"] },
        { "type": "bitmap", "file": "minecraft:custom/text/1.png", "ascent": 7, "height": 7, "chars": ["\uF451"] },
        { "type": "bitmap", "file": "minecraft:custom/text/2.png", "ascent": 7, "height": 7, "chars": ["\uF452"] },
        { "type": "bitmap", "file": "minecraft:custom/text/3.png", "ascent": 7, "height": 7, "chars": ["\uF453"] },
        { "type": "bitmap", "file": "minecraft:custom/text/4.png", "ascent": 7, "height": 7, "chars": ["\uF454"] },
        { "type": "bitmap", "file": "minecraft:custom/text/5.png", "ascent": 7, "height": 7, "chars": ["\uF455"] },
        { "type": "bitmap", "file": "minecraft:custom/text/6.png", "ascent": 7, "height": 7, "chars": ["\uF456"] },
        { "type": "bitmap", "file": "minecraft:custom/text/7.png", "ascent": 7, "height": 7, "chars": ["\uF457"] },
        { "type": "bitmap", "file": "minecraft:custom/text/8.png", "ascent": 7, "height": 7, "chars": ["\uF458"] },
        { "type": "bitmap", "file": "minecraft:custom/text/9.png", "ascent": 7, "height": 7, "chars": ["\uF459"] },

        { "type": "bitmap", "file": "minecraft:custom/menu/main/menu_solid.png", "ascent": 14, "height": 256, "chars": ["\uF515"] },
        { "type": "bitmap", "file": "minecraft:custom/menu/main/menu_clicked_1.png", "ascent": 14, "height": 256, "chars": ["\uF516"] },
        { "type": "bitmap", "file": "minecraft:custom/menu/main/menu_clicked_2.png", "ascent": 14, "height": 256, "chars": ["\uF517"] },
        { "type": "bitmap", "file": "minecraft:custom/menu/main/menu_clicked_3.png", "ascent": 14, "height": 256, "chars": ["\uF518"] },
        { "type": "bitmap", "file": "minecraft:custom/menu/main/menu_clicked_4.png", "ascent": 14, "height": 256, "chars": ["\uF519"] },
        { "type": "bitmap", "file": "minecraft:custom/menu/main/menu_clicked_5.png", "ascent": 14, "height": 256, "chars": ["\uF520"] },
        
        { "type": "bitmap", "file": "minecraft:custom/menu/misc/loading_solid.png", "ascent": 14, "height": 256, "chars": ["\uF521"] },
        { "type": "bitmap", "file": "minecraft:custom/menu/misc/intro_solid.png", "ascent": 14, "height": 256, "chars": ["\uF522"] },

        { "type": "bitmap", "file": "minecraft:custom/menu/over/over_solid.png", "ascent": 14, "height": 256, "chars": ["\uF523"] },
        { "type": "bitmap", "file": "minecraft:custom/menu/over/over_clicked_1.png", "ascent": 14, "height": 256, "chars": ["\uF524"] },
        { "type": "bitmap", "file": "minecraft:custom/menu/over/over_clicked_2.png", "ascent": 14, "height": 256, "chars": ["\uF525"] },

        { "type": "bitmap", "file": "minecraft:custom/menu/over/gamepass_over_solid.png", "ascent": 14, "height": 256, "chars": ["\uF526"] },
        { "type": "bitmap", "file": "minecraft:custom/menu/over/gamepass_over_clicked_1.png", "ascent": 14, "height": 256, "chars": ["\uF527"] },
        { "type": "bitmap", "file": "minecraft:custom/menu/over/gamepass_over_clicked_2.png", "ascent": 14, "height": 256, "chars": ["\uF528"] },

        { "type": "bitmap", "file": "minecraft:custom/menu/controls/controls_solid.png", "ascent": 14, "height": 256, "chars": ["\uF529"] },
        { "type": "bitmap", "file": "minecraft:custom/menu/controls/controls_clicked_1.png", "ascent": 14, "height": 256, "chars": ["\uF530"] },

        { "type": "bitmap", "file": "minecraft:custom/menu/pass/gamepass_solid.png", "ascent": 14, "height": 256, "chars": ["\uF531"] },
        { "type": "bitmap", "file": "minecraft:custom/menu/pass/gamepass_clicked_1.png", "ascent": 14, "height": 256, "chars": ["\uF532"] },

        { "type": "bitmap", "file": "minecraft:custom/menu/unavailable/unavailable_solid.png", "ascent": 14, "height": 256, "chars": ["\uF533"] },
        { "type": "bitmap", "file": "minecraft:custom/menu/unavailable/unavailable_clicked_1.png", "ascent": 14, "height": 256, "chars": ["\uF534"] },

        { "type": "bitmap", "file": "minecraft:custom/menu/pass/owned_solid.png", "ascent": 14, "height": 256, "chars": ["\uF535"] },
        { "type": "bitmap", "file": "minecraft:custom/menu/pass/owned_clicked_1.png", "ascent": 14, "height": 256, "chars": ["\uF536"] },

        { "type": "bitmap", "file": "minecraft:custom/menu/shop/main/shop_main_solid.png", "ascent": 14, "height": 256, "chars": ["\uF900"] },
        { "type": "bitmap", "file": "minecraft:custom/menu/shop/main/shop_main_clicked_1.png", "ascent": 14, "height": 256, "chars": ["\uF901"] },
        { "type": "bitmap", "file": "minecraft:custom/menu/shop/main/shop_main_clicked_2.png", "ascent": 14, "height": 256, "chars": ["\uF902"] },
        { "type": "bitmap", "file": "minecraft:custom/menu/shop/main/shop_main_clicked_3.png", "ascent": 14, "height": 256, "chars": ["\uF903"] },

        { "type": "bitmap", "file": "minecraft:custom/menu/shop/health/shop_health_solid.png", "ascent": 14, "height": 256, "chars": ["\uF904"] },
        { "type": "bitmap", "file": "minecraft:custom/menu/shop/health/shop_health_clicked_1.png", "ascent": 14, "height": 256, "chars": ["\uF905"] },
        { "type": "bitmap", "file": "minecraft:custom/menu/shop/health/shop_health_clicked_2.png", "ascent": 14, "height": 256, "chars": ["\uF906"] },

        { "type": "bitmap", "file": "minecraft:custom/menu/shop/damage/shop_damage_solid.png", "ascent": 14, "height": 256, "chars": ["\uF907"] },
        { "type": "bitmap", "file": "minecraft:custom/menu/shop/damage/shop_damage_clicked_1.png", "ascent": 14, "height": 256, "chars": ["\uF908"] },
        { "type": "bitmap", "file": "minecraft:custom/menu/shop/damage/shop_damage_clicked_2.png", "ascent": 14, "height": 256, "chars": ["\uF909"] },

        { "type": "bitmap", "file": "minecraft:custom/menu/over/used_over_solid.png", "ascent": 14, "height": 256, "chars": ["\uF910"] },
        { "type": "bitmap", "file": "minecraft:custom/menu/over/used_over_clicked_1.png", "ascent": 14, "height": 256, "chars": ["\uF911"] },

        { "type": "bitmap", "file": "minecraft:custom/menu/runs/runs_solid.png", "ascent": 14, "height": 256, "chars": ["\uF912"] },
        { "type": "bitmap", "file": "minecraft:custom/menu/runs/runs_clicked_1.png", "ascent": 14, "height": 256, "chars": ["\uF913"] },
        { "type": "bitmap", "file": "minecraft:custom/menu/runs/runs_clicked_2.png", "ascent": 14, "height": 256, "chars": ["\uF914"] },
        { "type": "bitmap", "file": "minecraft:custom/menu/runs/runs_clicked_3.png", "ascent": 14, "height": 256, "chars": ["\uF915"] },
        { "type": "bitmap", "file": "minecraft:custom/menu/runs/runs_clicked_4.png", "ascent": 14, "height": 256, "chars": ["\uF916"] },





        {
            "type": "bitmap",
            "file": "space:font/space_split.png",
            "ascent": -32768,
            "height": -3,
            "chars": [
                "\uF800"
            ]
        },
        {
            "type": "bitmap",
            "file": "space:font/space_split.png",
            "ascent": -32768,
            "height": -3,
            "chars": [
                "\uF801"
            ]
        },
        {
            "type": "bitmap",
            "file": "space:font/space_split.png",
            "ascent": -32768,
            "height": -4,
            "chars": [
                "\uF802"
            ]
        },
        {
            "type": "bitmap",
            "file": "space:font/space_split.png",
            "ascent": -32768,
            "height": -5,
            "chars": [
                "\uF803"
            ]
        },
        {
            "type": "bitmap",
            "file": "space:font/space_split.png",
            "ascent": -32768,
            "height": -6,
            "chars": [
                "\uF804"
            ]
        },
        {
            "type": "bitmap",
            "file": "space:font/space_split.png",
            "ascent": -32768,
            "height": -7,
            "chars": [
                "\uF805"
            ]
        },
        {
            "type": "bitmap",
            "file": "space:font/space_split.png",
            "ascent": -32768,
            "height": -8,
            "chars": [
                "\uF806"
            ]
        },
        {
            "type": "bitmap",
            "file": "space:font/space_split.png",
            "ascent": -32768,
            "height": -9,
            "chars": [
                "\uF807"
            ]
        },
        {
            "type": "bitmap",
            "file": "space:font/space_split.png",
            "ascent": -32768,
            "height": -10,
            "chars": [
                "\uF808"
            ]
        },
        {
            "type": "bitmap",
            "file": "space:font/space_split.png",
            "ascent": -32768,
            "height": -18,
            "chars": [
                "\uF809"
            ]
        },
        {
            "type": "bitmap",
            "file": "space:font/space_split.png",
            "ascent": -32768,
            "height": -34,
            "chars": [
                "\uF80A"
            ]
        },
        {
            "type": "bitmap",
            "file": "space:font/space_split.png",
            "ascent": -32768,
            "height": -66,
            "chars": [
                "\uF80B"
            ]
        },
        {
            "type": "bitmap",
            "file": "space:font/space_split.png",
            "ascent": -32768,
            "height": -130,
            "chars": [
                "\uF80C"
            ]
        },
        {
            "type": "bitmap",
            "file": "space:font/space_split.png",
            "ascent": -32768,
            "height": -258,
            "chars": [
                "\uF80D"
            ]
        },
        {
            "type": "bitmap",
            "file": "space:font/space_split.png",
            "ascent": -32768,
            "height": -514,
            "chars": [
                "\uF80E"
            ]
        },
        {
            "type": "bitmap",
            "file": "space:font/space_split.png",
            "ascent": -32768,
            "height": -1026,
            "chars": [
                "\uF80F"
            ]
        },
        {
            "type": "bitmap",
            "file": "space:font/space_split.png",
            "ascent": -32768,
            "height": 0,
            "chars": [
                "\uF821"
            ]
        },
        {
            "type": "bitmap",
            "file": "space:font/space_split.png",
            "ascent": -32768,
            "height": 1,
            "chars": [
                "\uF822"
            ]
        },
        {
            "type": "bitmap",
            "file": "space:font/space_split.png",
            "ascent": -32768,
            "height": 2,
            "chars": [
                "\uF823"
            ]
        },
        {
            "type": "bitmap",
            "file": "space:font/space_split.png",
            "ascent": -32768,
            "height": 3,
            "chars": [
                "\uF824"
            ]
        },
        {
            "type": "bitmap",
            "file": "space:font/space_split.png",
            "ascent": -32768,
            "height": 4,
            "chars": [
                "\uF825"
            ]
        },
        {
            "type": "bitmap",
            "file": "space:font/space_split.png",
            "ascent": -32768,
            "height": 5,
            "chars": [
                "\uF826"
            ]
        },
        {
            "type": "bitmap",
            "file": "space:font/space_split.png",
            "ascent": -32768,
            "height": 6,
            "chars": [
                "\uF827"
            ]
        },
        {
            "type": "bitmap",
            "file": "space:font/space_split.png",
            "ascent": -32768,
            "height": 7,
            "chars": [
                "\uF828"
            ]
        },
        {
            "type": "bitmap",
            "file": "space:font/space_split.png",
            "ascent": -32768,
            "height": 15,
            "chars": [
                "\uF829"
            ]
        },
        {
            "type": "bitmap",
            "file": "space:font/space_split.png",
            "ascent": -32768,
            "height": 31,
            "chars": [
                "\uF82A"
            ]
        },
        {
            "type": "bitmap",
            "file": "space:font/space_split.png",
            "ascent": -32768,
            "height": 63,
            "chars": [
                "\uF82B"
            ]
        },
        {
            "type": "bitmap",
            "file": "space:font/space_split.png",
            "ascent": -32768,
            "height": 127,
            "chars": [
                "\uF82C"
            ]
        },
        {
            "type": "bitmap",
            "file": "space:font/space_split.png",
            "ascent": -32768,
            "height": 255,
            "chars": [
                "\uF82D"
            ]
        },
        {
            "type": "bitmap",
            "file": "space:font/space_split.png",
            "ascent": -32768,
            "height": 511,
            "chars": [
                "\uF82E"
            ]
        },
        {
            "type": "bitmap",
            "file": "space:font/space_split.png",
            "ascent": -32768,
            "height": 1023,
            "chars": [
                "\uF82F"
            ]
        },
        {
            "type": "bitmap",
            "file": "space:font/space_split.png",
            "ascent": -65536,
            "height": 32767,
            "chars": [
                "\uF820"
            ]
        },
        {
            "type": "bitmap",
            "file": "space:font/space_nosplit.png",
            "ascent": -32768,
            "height": -3,
            "chars": [
                "\uF811"
            ]
        },
        {
            "type": "bitmap",
            "file": "space:font/space_nosplit.png",
            "ascent": -32768,
            "height": -4,
            "chars": [
                "\uF812"
            ]
        },
        {
            "type": "bitmap",
            "file": "space:font/space_nosplit.png",
            "ascent": -32768,
            "height": -5,
            "chars": [
                "\uF813"
            ]
        },
        {
            "type": "bitmap",
            "file": "space:font/space_nosplit.png",
            "ascent": -32768,
            "height": -6,
            "chars": [
                "\uF814"
            ]
        },
        {
            "type": "bitmap",
            "file": "space:font/space_nosplit.png",
            "ascent": -32768,
            "height": -7,
            "chars": [
                "\uF815"
            ]
        },
        {
            "type": "bitmap",
            "file": "space:font/space_nosplit.png",
            "ascent": -32768,
            "height": -8,
            "chars": [
                "\uF816"
            ]
        },
        {
            "type": "bitmap",
            "file": "space:font/space_nosplit.png",
            "ascent": -32768,
            "height": -9,
            "chars": [
                "\uF817"
            ]
        },
        {
            "type": "bitmap",
            "file": "space:font/space_nosplit.png",
            "ascent": -32768,
            "height": -10,
            "chars": [
                "\uF818"
            ]
        },
        {
            "type": "bitmap",
            "file": "space:font/space_nosplit.png",
            "ascent": -32768,
            "height": -18,
            "chars": [
                "\uF819"
            ]
        },
        {
            "type": "bitmap",
            "file": "space:font/space_nosplit.png",
            "ascent": -32768,
            "height": -34,
            "chars": [
                "\uF81A"
            ]
        },
        {
            "type": "bitmap",
            "file": "space:font/space_nosplit.png",
            "ascent": -32768,
            "height": -66,
            "chars": [
                "\uF81B"
            ]
        },
        {
            "type": "bitmap",
            "file": "space:font/space_nosplit.png",
            "ascent": -32768,
            "height": -130,
            "chars": [
                "\uF81C"
            ]
        },
        {
            "type": "bitmap",
            "file": "space:font/space_nosplit.png",
            "ascent": -32768,
            "height": -258,
            "chars": [
                "\uF81D"
            ]
        },
        {
            "type": "bitmap",
            "file": "space:font/space_nosplit.png",
            "ascent": -32768,
            "height": -514,
            "chars": [
                "\uF81E"
            ]
        },
        {
            "type": "bitmap",
            "file": "space:font/space_nosplit.png",
            "ascent": -32768,
            "height": -1026,
            "chars": [
                "\uF81F"
            ]
        },
        {
            "type": "bitmap",
            "file": "space:font/space_nosplit.png",
            "ascent": -65536,
            "height": -32770,
            "chars": [
                "\uF810"
            ]
        },
        {
            "type": "bitmap",
            "file": "space:font/space_nosplit.png",
            "ascent": -32768,
            "height": 0,
            "chars": [
                "\uF831"
            ]
        },
        {
            "type": "bitmap",
            "file": "space:font/space_nosplit.png",
            "ascent": -32768,
            "height": 1,
            "chars": [
                "\uF832"
            ]
        },
        {
            "type": "bitmap",
            "file": "space:font/space_nosplit.png",
            "ascent": -32768,
            "height": 2,
            "chars": [
                "\uF833"
            ]
        },
        {
            "type": "bitmap",
            "file": "space:font/space_nosplit.png",
            "ascent": -32768,
            "height": 3,
            "chars": [
                "\uF834"
            ]
        },
        {
            "type": "bitmap",
            "file": "space:font/space_nosplit.png",
            "ascent": -32768,
            "height": 4,
            "chars": [
                "\uF835"
            ]
        },
        {
            "type": "bitmap",
            "file": "space:font/space_nosplit.png",
            "ascent": -32768,
            "height": 5,
            "chars": [
                "\uF836"
            ]
        },
        {
            "type": "bitmap",
            "file": "space:font/space_nosplit.png",
            "ascent": -32768,
            "height": 6,
            "chars": [
                "\uF837"
            ]
        },
        {
            "type": "bitmap",
            "file": "space:font/space_nosplit.png",
            "ascent": -32768,
            "height": 7,
            "chars": [
                "\uF838"
            ]
        },
        {
            "type": "bitmap",
            "file": "space:font/space_nosplit.png",
            "ascent": -32768,
            "height": 15,
            "chars": [
                "\uF839"
            ]
        },
        {
            "type": "bitmap",
            "file": "space:font/space_nosplit.png",
            "ascent": -32768,
            "height": 31,
            "chars": [
                "\uF83A"
            ]
        },
        {
            "type": "bitmap",
            "file": "space:font/space_nosplit.png",
            "ascent": -32768,
            "height": 63,
            "chars": [
                "\uF83B"
            ]
        },
        {
            "type": "bitmap",
            "file": "space:font/space_nosplit.png",
            "ascent": -32768,
            "height": 127,
            "chars": [
                "\uF83C"
            ]
        },
        {
            "type": "bitmap",
            "file": "space:font/space_nosplit.png",
            "ascent": -32768,
            "height": 255,
            "chars": [
                "\uF83D"
            ]
        },
        {
            "type": "bitmap",
            "file": "space:font/space_nosplit.png",
            "ascent": -32768,
            "height": 511,
            "chars": [
                "\uF83E"
            ]
        },
        {
            "type": "bitmap",
            "file": "space:font/space_nosplit.png",
            "ascent": -32768,
            "height": 1023,
            "chars": [
                "\uF83F"
            ]
        },
        {
            "type": "bitmap",
            "file": "space:font/space_nosplit.png",
            "ascent": -65536,
            "height": 32767,
            "chars": [
                "\uF830"
            ]
        }
    ]
}