{
	"credit": "Made with Blockbench",
	"ambientocclusion": false,
	"textures": {
		"0": "custom/tilesheet",
		"particle": "custom/tilesheet"
	},
	"elements": [
		{
			"from": [0, 16, 0],
			"to": [16, 16, 16],
			"shade": false,
			"rotation": {"angle": 0, "axis": "y", "origin": [16, 0, 16]},
			"faces": {
				"north": {"uv": [0, 0, 16, 2], "texture": "#missing"},
				"east": {"uv": [0, 0, 16, 2], "texture": "#missing"},
				"south": {"uv": [0, 0, 16, 2], "texture": "#missing"},
				"west": {"uv": [0, 0, 16, 2], "texture": "#missing"},
				"up": {"uv": [4, 12, 2, 14], "rotation": 90, "texture": "#0"}
			}
		}
	]
}