{
	"credit": "Made with Blockbench",
	"ambientocclusion": false,
	"textures": {
		"0": "custom/tilesheet",
		"particle": "custom/tilesheet"
	},
	"elements": [
		{
			"from": [-1, 15, -1],
			"to": [17, 15, 17],
			"shade": false,
			"faces": {
				"north": {"uv": [0, 0, 16, 2], "texture": "#missing"},
				"east": {"uv": [0, 0, 16, 2], "texture": "#missing"},
				"south": {"uv": [0, 0, 16, 2], "texture": "#missing"},
				"west": {"uv": [0, 0, 16, 2], "texture": "#missing"},
				"up": {"uv": [0, 14, 2, 16], "texture": "#0"}
			}
		}
	]
}